CATEGORIE,COMPETITION,EQUIPE,CLUB ADVERSE,LOCALITE CLUB ADVERSE,EQUIPE ADVERSE,DATE,HEURE,DEPLACEMENT,TERRAIN,SITE
SENIORS,Amical,SENIORS A,U. F. ALONNES-BRAIN / ALONNES,,ALLONNES BRAIN UF 1,2018-08-12,15H00,Domicile,TERRAIN B,MARTIGNE
SENIORS,Amical,SENIORS A,U.S. BEAUFORT EN VALLEE,STADE ROGER SERREAU CHEMIN DE LA PREVOTE - 49250 - BEAUFORT EN VALLEE,BEAUFORT EN VALLEE 1,2018-08-19,15H00,Domicile,TERRAIN B,MARTIGNE
SENIORS,Amical,SENIORS A,ST MELAINE OLYMPIQUE SPORT,MAIRIE RUE ARMAND BROUSSE - 49610 - ST MELAINE SUR AUBANCE,ST MELAINE/AUBANCE 1,2018-08-23,19H45,Domicile,#N/A,MARTIGNE
SENIORS,Amical,SENIORS B,ST MELAINE OLYMPIQUE SPORT,MAIRIE RUE ARMAND BROUSSE - 49610 - ST MELAINE SUR AUBANCE,ST MELAINE/AUBANCE 2,2018-08-23,19H15,Domicile,TERRAIN A,TIGNE
SENIORS,Coupe De France - Phase Régionale,SENIORS A,R.C. DOUE LA FONTAINE,DOUE LA FONTAINE,DOUE LA FONTAINE RC 1,2018-08-26,15H00,Domicile,TERRAIN A,TIGNE
SENIORS,Amical,SENIORS B,ASVR AMBILLOU CHATEAU,AMBILLOU CHATEAU - 49700 - AMBILLOU LE CHATEAU,AMBILLOU B,2018-08-26,12H30,Domicile,#N/A,TIGNE
SENIORS,Amical,SENIORS A,ESP.S. DE MONTILLIERS,MAIRIE - 49310 - MONTILLIERS,MONTILLIERS ES 1,2018-08-29,19H45,Extérieur,,MONTILLIERS
SENIORS,Amical,SENIORS B,ESP.S. DE MONTILLIERS,MAIRIE - 49310 - MONTILLIERS,MONTILLIERS ES 3,2018-08-29,19H00,Extérieur,,MONTILLIERS
SENIORS,Coupe Pays De La Loire Seniors - Phase 1,SENIORS A,CHALONNES CHAUDEFONDS FOOTBALL,CHALONNES SUR LOIRE,CHALONNES CHAUDEF 1,2018-09-02,15H00,Extérieur,STADE CALONNA  1,CHALONNES SUR LOIRE
SENIORS,Amical,SENIORS B,A.S. VALANJOU,MAIRIE - 49670 - VALANJOU,VALANJOU AS 2,2018-09-02,15H00,Extérieur,,VALANJOU
SENIORS,Amical,SENIORS C,A.S. VALANJOU,MAIRIE - 49670 - VALANJOU,VALANJOU AS 3,2018-09-02,15H00,Extérieur,,VALANJOU
SENIORS,Amical,SENIORS C,A.S. VALANJOU,MAIRIE - 49670 - VALANJOU,VALANJOU AS 3,2018-09-02,15H00,Extérieur,,VALANJOU
SENIORS,D1 - Phase 1 - Groupe B,SENIORS A,AV.S. SAINT PIERRE MONTREVAULT,ST PIERRE MONTLIMART,ST PIERRE MONTREV AS 2,2018-09-09,15H00,Extérieur,STADE DE L' ÉCUSSON 1,ST PIERRE MONTLIMART
SENIORS,D4 - Phase 1 - Groupe E,SENIORS B,ASVR AMBILLOU CHATEAU,AMBILLOU CHATEAU,AMBILLOU ASVR 2,2018-09-09,15H00,Extérieur,STADE JOSEPH CHARGE,TUFFALUN
SENIORS,Coupe Des Reserves - Phase 1 - Groupe I,SENIORS B,ST GEORGES TREMENTINES F.C.,ST GEORGES DES GARDES,ST GEORGES TREM FC 2,2018-09-16,15H00,Domicile,TERRAIN A,TIGNE
SENIORS,Challenge Hubert Sourice - Phase 1 - Poule R,SENIORS C,ENT.S. L'AUBANCE BRISSAC QUINCE,BRISSAC QUINCE,BRISSAC AUBANCE ES 3,2018-09-16,15H00,Extérieur,STADE DES ALLEUDS,LES ALLEUDS
SENIORS,D1 - Phase 1 - Groupe B,SENIORS A,AV.S. LE PUY ST BONNET,LE PUY ST BONNET,LE PUY ST BONNET AS 1,2018-09-23,15H00,Domicile,TERRAIN A,MARTIGNE
SENIORS,D4 - Phase 1 - Groupe E,SENIORS B,F.C. DU LAYON,THOUARCE,THOUARCE FC LAYON 2,2018-09-23,13H00,Domicile,TERRAIN A,MARTIGNE
SENIORS,D5 - Phase 1 - Groupe D,SENIORS C,F.C. DU LAYON,THOUARCE,THOUARCE FC LAYON 3,2018-09-23,13H00,Domicile,TERRAIN B,MARTIGNE
SENIORS,Coupe Anjou Seniors - Phase 1,SENIORS A,ENT.S.MOULIHERNE CHAVAIGNES LASS,MOULIHERNE,AUVERSE MOULIHERNE 1,2018-09-30,15H00,Domicile,TERRAIN A,MARTIGNE
SENIORS,Coupe Des Reserves - Phase 1 - Groupe I,SENIORS B,A.S. ST HILAIRE VIHIERS ST PAUL,LYS HAUT LAYON,ST HILAIRE VIHIERS 3,2018-09-30,12H30,Extérieur,STADE DU DOMINO 1,ST HILAIRE DU BOIS
SENIORS,Challenge Hubert Sourice - Phase 1 - Poule R,SENIORS C,CLUB DU HAUT LAYON,NUEIL SUR LAYON,NUEIL HAUT LAYON 2,2018-09-30,12H30,Domicile,TERRAIN A,MARTIGNE
SENIORS,D1 - Phase 1 - Groupe B,SENIORS A,MONTREUIL JUIGNE BENE F.,MONTREUIL JUIGNE,MONTREUIL JUIGNE BF 1,2018-10-07,15H00,Extérieur,STADE PIERRE CONOTTE 1,MONTREUIL JUIGNE
SENIORS,D4 - Phase 1 - Groupe E,SENIORS B,ENT. S.  PUY VAUDELNAY,LE PUY NOTRE DAME,LE PUY VAUDELNAY ES 2,2018-10-07,15H00,Extérieur,STADE RAYMOND COUAILLIER 1,VAUDELNAY
SENIORS,D5 - Phase 1 - Groupe D,SENIORS C,ENT.S. L'AUBANCE BRISSAC QUINCE,BRISSAC QUINCE,BRISSAC AUBANCE ES 3,2018-10-07,13H00,Extérieur,STADE DES ALLEUDS,LES ALLEUDS
SENIORS,Coupe Anjou Seniors - Phase 1,SENIORS A,J. FRANCE DE CHOLET,CHOLET,CHOLET JEUNE FRANCE 1,2018-10-14,15H00,Extérieur,STADE BORDAGE LUNEAU,CHOLET
SENIORS,Coupe Des Reserves - Phase 1 - Groupe I,SENIORS B,TOUTLEMONDE MAULÉVRIER U. S.,MAULEVRIER,TOUTLEMONDE MAULÉVR 2,2018-10-14,15H00,Domicile,TERRAIN A,TIGNE
SENIORS,Challenge Hubert Sourice - Phase 1 - Poule R,SENIORS C,S.C. ANGEVIN,ANGERS,ANGERS SCA 3,2018-10-14,12H30,Extérieur,STADE DE LA BARATERIE,ANGERS
SENIORS,D1 - Phase 1 - Groupe B,SENIORS A,A.S. TIERCE CHEFFES,TIERCE,TIERCE CHEFFES AS 2,2018-10-21,15H00,Domicile,TERRAIN A,TIGNE
SENIORS,D4 - Phase 1 - Groupe E,SENIORS B,J.S. DU LAYON,ST AUBIN DE LUIGNE,ST AUBIN JS LAYON 1,2018-10-21,13H00,Domicile,TERRAIN A,TIGNE
SENIORS,D5 - Phase 1 - Groupe D,SENIORS C,A.S. ST HILAIRE VIHIERS ST PAUL,LYS HAUT LAYON,ST HILAIRE VIHIERS 5,2018-10-21,13H00,Domicile,TERRAIN A,MARTIGNE
SENIORS,Coupe Des Reserves - Phase 1 - Groupe I,SENIORS B,ST PIERRE DE MAZIERES EN MAUGES,MAZIERES EN MAUGES,MAZIERES EN MAUGES 2,2018-10-28,14H30,Extérieur,STADE DE LA SALLE 1,MAZIERES EN MAUGES
SENIORS,D5 - Phase 1 - Groupe D,SENIORS C,A.S. IND. MURS ERIGNE,MURS ERIGNE,MURS ERIGNE ASI 4,2018-10-28,12H00,Domicile,TERRAIN A,TIGNE
SENIORS,D1 - Phase 1 - Groupe B,SENIORS A,ST PIERRE DE MAZIERES EN MAUGES,MAZIERES EN MAUGES,MAZIERES EN MAUGES 1,2018-11-04,15H00,Extérieur,STADE DE LA SALLE 1,MAZIERES EN MAUGES
SENIORS,D4 - Phase 1 - Groupe E,SENIORS B,R.C. DOUE LA FONTAINE,DOUE LA FONTAINE,DOUE LA FONTAINE RC 3,2018-11-04,13H00,Extérieur,STADE MARCEL HABERT 1,DOUE LA FONTAINE
SENIORS,D5 - Phase 1 - Groupe D,SENIORS C,A.S. PONTS DE CE,LES PONTS DE CE,LES PONTS DE CE AS 4,2018-11-04,13H00,Extérieur,STADE DE LA CHESNAIE 1,LES PONTS DE CE
SENIORS,D1 - Phase 1 - Groupe B,SENIORS A,C.A.S. POSSOSAVENNIERES,LA POSSONNIERE,LA POSSONNIERE SAVEN 1,2018-11-11,15H00,Domicile,TERRAIN A,MARTIGNE
SENIORS,D4 - Phase 1 - Groupe E,SENIORS B,CLUB DU HAUT LAYON,NUEIL SUR LAYON,NUEIL HAUT LAYON 2,2018-11-11,13H00,Domicile,TERRAIN A,MARTIGNE
SENIORS,D5 - Phase 1 - Groupe D,SENIORS C,ASVR AMBILLOU CHATEAU,AMBILLOU CHATEAU,AMBILLOU ASVR 3,2018-11-11,13H00,Domicile,TERRAIN B,MARTIGNE
SENIORS,Challenge Anjou - Phase 2,SENIORS A,ST-LAURENT DU MOTTAY FC MESNILAURENTAIS,ST LAURENT DU MOTTAY,ST LAURENT MESNIL 1,2018-11-18,14H30,Domicile,TERRAIN A,TIGNE
SENIORS,Coupe Des Reserves - Phase 1 - Groupe I,SENIORS B,SOMLOIRYZERNAY CP FOOT,SOMLOIRE,SOMLOIRYZERNAY CP 3,2018-11-18,12H00,Domicile,TERRAIN A,TIGNE
SENIORS,D1 - Phase 1 - Groupe B,SENIORS A,ESP.S. DE BOUCHEMAINE,BOUCHEMAINE,BOUCHEMAINE ES 2,2018-11-25,15H00,Extérieur,STADE DU ARTAUD 1,BOUCHEMAINE
SENIORS,D4 - Phase 1 - Groupe E,SENIORS B,J. FRANCE DE CHOLET,CHOLET,CHOLET JEUNE FRANCE 3,2018-11-25,13H00,Extérieur,STADE BORDAGE LUNEAU,CHOLET
SENIORS,D5 - Phase 1 - Groupe D,SENIORS C,CLUB DU HAUT LAYON,NUEIL SUR LAYON,NUEIL HAUT LAYON 3,2018-11-25,13H00,Extérieur,STADE DES CHARBONNIERS 1,CLERE SUR LAYON
SENIORS,D1 - Phase 1 - Groupe B,SENIORS A,F.C. PELLOUAILLES CORZE,PELLOUAILLES,PELLOUAILLES CORZE 1,2018-12-02,15H00,Domicile,TERRAIN A,TIGNE
SENIORS,D4 - Phase 1 - Groupe E,SENIORS B,ESP.S. DE MONTILLIERS,MONTILLIERS,MONTILLIERS ES 3,2018-12-02,13H00,Domicile,TERRAIN A,TIGNE
SENIORS,D1 - Phase 1 - Groupe B,SENIORS A,ST GEORGES TREMENTINES F.C.,ST GEORGES DES GARDES,ST GEORGES TREM FC 1,2018-12-09,15H00,Extérieur,STADE MUNICIPAL,TREMENTINES
SENIORS,D4 - Phase 1 - Groupe E,SENIORS B,ST GEORGES TREMENTINES F.C.,ST GEORGES DES GARDES,ST GEORGES TREM FC 3,2018-12-09,13H00,Extérieur,STADE MUNICIPAL,TREMENTINES
SENIORS,D5 - Phase 1 - Groupe D,SENIORS C,ENT. S. DENEE LOIRE ET LOUET,DENEE,DENEE LOIRE LOUET ES 2,2018-12-09,13H00,Extérieur,STADE DES GARENNES 1,DENEE
SENIORS,D1 - Phase 1 - Groupe B,SENIORS A,A.S. D'AVRILLE,AVRILLE,AVRILLE AS 1,2018-12-16,15H00,Extérieur,STADE AUGUSTE DELAUNE 1,AVRILLE
SENIORS,D4 - Phase 1 - Groupe E,SENIORS B,OL. SAL-TOUR VEZINS CORON,VEZINS,CORON OSTVC 2,2018-12-16,15H00,Extérieur,STADE MUNICIPAL 1,CORON
SENIORS,D5 - Phase 1 - Groupe D,SENIORS C,A.S. VALANJOU,VALANJOU,VALANJOU AS 3,2018-12-16,13H00,Extérieur,STADE ALPHONSE LEROI 1,VALANJOU
SENIORS,D5 - Phase 1 - Groupe D,SENIORS C,ENT. S.  PUY VAUDELNAY,LE PUY NOTRE DAME,LE PUY VAUDELNAY ES 3,2019-01-06,15H00,Domicile,TERRAIN A,MARTIGNE
SENIORS,Challenge Anjou - Phase 2,SENIORS A,ENERGIE LE MAY S/EVRE,LE MAY SUR EVRE,LE MAY/EVRE E 2,2019-01-13,14H30,Extérieur,STADE MUNICIPAL 1,LE MAY SUR EVRE
SENIORS,D1 - Phase 1 - Groupe B,SENIORS A,F.C. LAURENTAIS LANDEMONTAIS,DRAIN,LANDEMONT LAURENTAIS 1,2019-01-20,15H00,Domicile,TERRAIN A,MARTIGNE
SENIORS,D4 - Phase 1 - Groupe E,SENIORS B,A.S. VALANJOU,VALANJOU,VALANJOU AS 2,2019-01-20,13H00,Domicile,TERRAIN A,MARTIGNE
SENIORS,D5 - Phase 1 - Groupe D,SENIORS C,ST MELAINE OLYMPIQUE SPORT,ST MELAINE SUR AUBANCE,ST MELAINE/AUBANCE 3,2019-01-20,13H00,Domicile,TERRAIN B,MARTIGNE
SENIORS,D1 - Phase 1 - Groupe B,SENIORS A,AV.S. LE PUY ST BONNET,LE PUY ST BONNET,LE PUY ST BONNET AS 1,2019-01-27,15H00,Extérieur,STADE DU BOIS DE LA CURE 1,CHOLET
SENIORS,D4 - Phase 1 - Groupe E,SENIORS B,F.C. DU LAYON,THOUARCE,THOUARCE FC LAYON 2,2019-01-27,15H00,Extérieur,STADE DES RONDIÈRES,BELLEVIGNE EN LAYON
SENIORS,D5 - Phase 1 - Groupe D,SENIORS C,F.C. DU LAYON,THOUARCE,THOUARCE FC LAYON 3,2019-01-27,13H00,Extérieur,STADE DES RONDIÈRES,BELLEVIGNE EN LAYON
SENIORS,D1 - Phase 1 - Groupe B,SENIORS A,MONTREUIL JUIGNE BENE F.,MONTREUIL JUIGNE,MONTREUIL JUIGNE BF 1,2019-02-03,15H00,Domicile,TERRAIN A,MARTIGNE
SENIORS,D4 - Phase 1 - Groupe E,SENIORS B,ENT. S.  PUY VAUDELNAY,LE PUY NOTRE DAME,LE PUY VAUDELNAY ES 2,2019-02-03,13H00,Domicile,TERRAIN A,MARTIGNE
SENIORS,D5 - Phase 1 - Groupe D,SENIORS C,ENT.S. L'AUBANCE BRISSAC QUINCE,BRISSAC QUINCE,BRISSAC AUBANCE ES 3,2019-02-03,13H00,Domicile,TERRAIN B,MARTIGNE
SENIORS,D1 - Phase 1 - Groupe B,SENIORS A,A.S. TIERCE CHEFFES,TIERCE,TIERCE CHEFFES AS 2,2019-02-24,13H00,Extérieur,STADE MUNICIPAL 1,TIERCE
SENIORS,D4 - Phase 1 - Groupe E,SENIORS B,J.S. DU LAYON,ST AUBIN DE LUIGNE,ST AUBIN JS LAYON 1,2019-02-24,15H00,Extérieur,STADE SAINT LAMBERT 1,VAL DU LAYON
SENIORS,D5 - Phase 1 - Groupe D,SENIORS C,A.S. ST HILAIRE VIHIERS ST PAUL,LYS HAUT LAYON,ST HILAIRE VIHIERS 5,2019-02-24,10H30,Extérieur,STADE DU DOMINO 1,ST HILAIRE DU BOIS
SENIORS,D1 - Phase 1 - Groupe B,SENIORS A,ST PIERRE DE MAZIERES EN MAUGES,MAZIERES EN MAUGES,MAZIERES EN MAUGES 1,2019-03-03,15H00,Domicile,TERRAIN A,TIGNE
SENIORS,D4 - Phase 1 - Groupe E,SENIORS B,R.C. DOUE LA FONTAINE,DOUE LA FONTAINE,DOUE LA FONTAINE RC 3,2019-03-03,13H00,Domicile,TERRAIN A,TIGNE
SENIORS,D5 - Phase 1 - Groupe D,SENIORS C,A.S. PONTS DE CE,LES PONTS DE CE,LES PONTS DE CE AS 4,2019-03-03,13H00,Domicile,TERRAIN A,MARTIGNE
SENIORS,D1 - Phase 1 - Groupe B,SENIORS A,C.A.S. POSSOSAVENNIERES,LA POSSONNIERE,LA POSSONNIERE SAVEN 1,2019-03-17,15H00,Extérieur,STADE DES VAURETRES 1,LA POSSONNIERE
SENIORS,D4 - Phase 1 - Groupe E,SENIORS B,CLUB DU HAUT LAYON,NUEIL SUR LAYON,NUEIL HAUT LAYON 2,2019-03-17,15H00,Extérieur,STADE DES CHARBONNIERS 1,CLERE SUR LAYON
SENIORS,D5 - Phase 1 - Groupe D,SENIORS C,ASVR AMBILLOU CHATEAU,AMBILLOU CHATEAU,AMBILLOU ASVR 3,2019-03-17,13H00,Extérieur,STADE JOSEPH CHARGE,TUFFALUN
SENIORS,D1 - Phase 1 - Groupe B,SENIORS A,ESP.S. DE BOUCHEMAINE,BOUCHEMAINE,BOUCHEMAINE ES 2,2019-03-24,15H00,Domicile,TERRAIN A,TIGNE
SENIORS,D4 - Phase 1 - Groupe E,SENIORS B,J. FRANCE DE CHOLET,CHOLET,CHOLET JEUNE FRANCE 3,2019-03-24,13H00,Domicile,,MARTIGNE BRIAND
SENIORS,D5 - Phase 1 - Groupe D,SENIORS C,CLUB DU HAUT LAYON,NUEIL SUR LAYON,NUEIL HAUT LAYON 3,2019-03-24,13H00,Domicile,TERRAIN A,TIGNE
SENIORS,D1 - Phase 1 - Groupe B,SENIORS A,F.C. PELLOUAILLES CORZE,PELLOUAILLES,PELLOUAILLES CORZE 1,2019-04-07,15H00,Extérieur,COMPLEXE SPORTIF RENÉ BOUBLIN,PELLOUAILLES LES VIGNES
SENIORS,D4 - Phase 1 - Groupe E,SENIORS B,ESP.S. DE MONTILLIERS,MONTILLIERS,MONTILLIERS ES 3,2019-04-07,13H00,Extérieur,STADE RAMPILLON MAGNILS 1,MONTILLIERS
SENIORS,D5 - Phase 1 - Groupe D,SENIORS C,ENT. S.  PUY VAUDELNAY,LE PUY NOTRE DAME,LE PUY VAUDELNAY ES 3,2019-04-07,13H00,Extérieur,STADE PAUL BOIVIN 1,LE PUY NOTRE DAME
SENIORS,D1 - Phase 1 - Groupe B,SENIORS A,ST GEORGES TREMENTINES F.C.,ST GEORGES DES GARDES,ST GEORGES TREM FC 1,2019-04-28,15H00,Domicile,TERRAIN A,MARTIGNE
SENIORS,D4 - Phase 1 - Groupe E,SENIORS B,ST GEORGES TREMENTINES F.C.,ST GEORGES DES GARDES,ST GEORGES TREM FC 3,2019-04-28,13H00,Domicile,TERRAIN A,MARTIGNE
SENIORS,D5 - Phase 1 - Groupe D,SENIORS C,ENT. S. DENEE LOIRE ET LOUET,DENEE,DENEE LOIRE LOUET ES 2,2019-04-28,13H00,Domicile,TERRAIN B,MARTIGNE
SENIORS,D1 - Phase 1 - Groupe B,SENIORS A,A.S. D'AVRILLE,AVRILLE,AVRILLE AS 1,2019-05-05,15H00,Domicile,TERRAIN A,MARTIGNE
SENIORS,D4 - Phase 1 - Groupe E,SENIORS B,OL. SAL-TOUR VEZINS CORON,VEZINS,CORON OSTVC 2,2019-05-05,13H00,Domicile,TERRAIN A,MARTIGNE
SENIORS,D5 - Phase 1 - Groupe D,SENIORS C,A.S. VALANJOU,VALANJOU,VALANJOU AS 3,2019-05-05,13H00,Domicile,TERRAIN B,MARTIGNE
SENIORS,D1 - Phase 1 - Groupe B,SENIORS A,F.C. LAURENTAIS LANDEMONTAIS,DRAIN,LANDEMONT LAURENTAIS 1,2019-05-12,15H00,Extérieur,STADE DES CHATAIGNERAIES 1,LANDEMONT
SENIORS,D4 - Phase 1 - Groupe E,SENIORS B,A.S. VALANJOU,VALANJOU,VALANJOU AS 2,2019-05-12,15H00,Extérieur,STADE ALPHONSE LEROI 1,VALANJOU
SENIORS,D5 - Phase 1 - Groupe D,SENIORS C,ST MELAINE OLYMPIQUE SPORT,ST MELAINE SUR AUBANCE,ST MELAINE/AUBANCE 3,2019-05-12,13H00,Extérieur,STADE JULIEN LAMBERT 1,ST MELAINE SUR AUBANCE
SENIORS,D1 - Phase 1 - Groupe B,SENIORS A,AV.S. SAINT PIERRE MONTREVAULT,ST PIERRE MONTLIMART,ST PIERRE MONTREV AS 2,2019-05-26,15H00,Domicile,TERRAIN A,TIGNE
SENIORS,D4 - Phase 1 - Groupe E,SENIORS B,ASVR AMBILLOU CHATEAU,AMBILLOU CHATEAU,AMBILLOU ASVR 2,2019-05-26,13H00,Domicile,TERRAIN A,TIGNE
SENIORS,D5 - Phase 1 - Groupe D,SENIORS C,A.S. IND. MURS ERIGNE,MURS ERIGNE,MURS ERIGNE ASI 4,2019-05-26,13H00,Extérieur,STADE DES VARENNES 2,MURS ERIGNE